player,team,pos,gp,wins,losses,kda,car,composite,champs,radar_axes,role_rank
Peyz,T1,ADC,21,15,6,5.2,40.6,1.387,Mel x4; Caitlyn x3; Kalista x2,"[{""label"": ""Laning"", ""z"": 1.501}, {""label"": ""Economy"", ""z"": 1.532}, {""label"": ""Damage Efficiency"", ""z"": 1.752}, {""label"": ""Survival"", ""z"": 0.474}]",1
Berserker,LYON,ADC,17,11,6,5.4,26.8,0.838,Ezreal x4; Ziggs x3; Varus x2,"[{""label"": ""Laning"", ""z"": 1.07}, {""label"": ""Economy"", ""z"": 0.299}, {""label"": ""Damage Efficiency"", ""z"": 0.694}, {""label"": ""Survival"", ""z"": 1.539}]",2
Gumayusi,Hanwha Life Esports,ADC,20,13,7,3.5,15.1,0.369,Ziggs x5; Caitlyn x3; Miss Fortune x2,"[{""label"": ""Laning"", ""z"": 1.051}, {""label"": ""Economy"", ""z"": 0.36}, {""label"": ""Damage Efficiency"", ""z"": -0.015}, {""label"": ""Survival"", ""z"": -0.766}]",3
Caliste,Karmine Corp,ADC,9,3,6,3.4,10.1,0.17,Ezreal x2; Varus x2; Caitlyn x1,"[{""label"": ""Laning"", ""z"": 0.152}, {""label"": ""Economy"", ""z"": 0.613}, {""label"": ""Damage Efficiency"", ""z"": -0.553}, {""label"": ""Survival"", ""z"": 0.048}]",4
Yeon,Team Liquid,ADC,12,6,6,3.8,2.1,-0.149,Varus x3; Senna x2; Caitlyn x1,"[{""label"": ""Laning"", ""z"": 0.002}, {""label"": ""Economy"", ""z"": -0.187}, {""label"": ""Damage Efficiency"", ""z"": 0.457}, {""label"": ""Survival"", ""z"": -1.021}]",5
JackeyLove,Top Esports,ADC,9,3,6,1.9,1.9,-0.16,Ziggs x2; Varus x1; Ezreal x1,"[{""label"": ""Laning"", ""z"": 0.152}, {""label"": ""Economy"", ""z"": 0.073}, {""label"": ""Damage Efficiency"", ""z"": 0.179}, {""label"": ""Survival"", ""z"": -1.666}]",6
Eddie,Team Secret Whales,ADC,10,3,7,4.9,1.0,-0.194,Caitlyn x3; Ezreal x2; Jhin x1,"[{""label"": ""Laning"", ""z"": -0.167}, {""label"": ""Economy"", ""z"": -0.332}, {""label"": ""Damage Efficiency"", ""z"": -1.852}, {""label"": ""Survival"", ""z"": 1.678}]",7
Viper,Bilibili Gaming,ADC,17,11,6,4.7,-1.0,-0.274,Ezreal x4; Ashe x2; Mel x2,"[{""label"": ""Laning"", ""z"": -0.186}, {""label"": ""Economy"", ""z"": -0.562}, {""label"": ""Damage Efficiency"", ""z"": 0.055}, {""label"": ""Survival"", ""z"": -0.228}]",8
Ayu,FURIA,ADC,6,0,6,3.2,-3.6,-0.379,Cassiopeia x2; Jhin x1; Lucian x1,"[{""label"": ""Laning"", ""z"": -1.104}, {""label"": ""Economy"", ""z"": -0.386}, {""label"": ""Damage Efficiency"", ""z"": 0.932}, {""label"": ""Survival"", ""z"": -0.045}]",9
Hans Sama,G2 Esports,ADC,15,6,9,2.3,-8.0,-0.556,Ashe x3; Yunara x3; Lucian x2,"[{""label"": ""Laning"", ""z"": -0.485}, {""label"": ""Economy"", ""z"": -0.476}, {""label"": ""Damage Efficiency"", ""z"": -1.171}, {""label"": ""Survival"", ""z"": -0.258}]",10
Feng,Deep Cross Gaming,ADC,6,0,6,1.9,-20.4,-1.05,Senna x2; Jhin x2; Ezreal x1,"[{""label"": ""Laning"", ""z"": -1.984}, {""label"": ""Economy"", ""z"": -0.934}, {""label"": ""Damage Efficiency"", ""z"": -0.477}, {""label"": ""Survival"", ""z"": 0.245}]",11
Hizto,Team Secret Whales,Jungle,10,3,7,3.4,34.6,0.907,Lee Sin x3; Naafiri x3; Xin Zhao x2,"[{""label"": ""Laning"", ""z"": 0.65}, {""label"": ""Economy"", ""z"": 0.812}, {""label"": ""Damage Efficiency"", ""z"": 1.227}, {""label"": ""Survival"", ""z"": 0.941}]",1
SkewMond,G2 Esports,Jungle,15,6,9,2.9,27.8,0.635,Xin Zhao x3; Skarner x2; Wukong x2,"[{""label"": ""Laning"", ""z"": 1.557}, {""label"": ""Economy"", ""z"": -0.622}, {""label"": ""Damage Efficiency"", ""z"": 0.595}, {""label"": ""Survival"", ""z"": 1.01}]",2
Josedeodo,Team Liquid,Jungle,12,6,6,4.1,23.5,0.463,Nocturne x3; Wukong x1; Poppy x1,"[{""label"": ""Laning"", ""z"": 0.877}, {""label"": ""Economy"", ""z"": -0.571}, {""label"": ""Damage Efficiency"", ""z"": 0.801}, {""label"": ""Survival"", ""z"": 0.746}]",3
Tian,Top Esports,Jungle,9,3,6,2.8,18.9,0.279,Jarvan IV x2; Wukong x2; Naafiri x1,"[{""label"": ""Laning"", ""z"": -0.636}, {""label"": ""Economy"", ""z"": 1.153}, {""label"": ""Damage Efficiency"", ""z"": -0.5}, {""label"": ""Survival"", ""z"": 1.098}]",4
Yike,Karmine Corp,Jungle,9,3,6,2.9,16.5,0.185,Naafiri x2; Wukong x2; Qiyana x2,"[{""label"": ""Laning"", ""z"": -0.636}, {""label"": ""Economy"", ""z"": 2.031}, {""label"": ""Damage Efficiency"", ""z"": 0.681}, {""label"": ""Survival"", ""z"": -1.338}]",5
Tatu,FURIA,Jungle,6,0,6,2.7,9.1,-0.111,Naafiri x1; Vi x1; Xin Zhao x1,"[{""label"": ""Laning"", ""z"": -1.733}, {""label"": ""Economy"", ""z"": 0.503}, {""label"": ""Damage Efficiency"", ""z"": 0.715}, {""label"": ""Survival"", ""z"": 0.07}]",6
Xun,Bilibili Gaming,Jungle,17,11,6,4.8,6.2,-0.23,Naafiri x3; Jarvan IV x3; Skarner x2,"[{""label"": ""Laning"", ""z"": -0.069}, {""label"": ""Economy"", ""z"": -0.889}, {""label"": ""Damage Efficiency"", ""z"": 0.207}, {""label"": ""Survival"", ""z"": -0.169}]",7
Kanavi,Hanwha Life Esports,Jungle,20,13,7,3.1,2.8,-0.365,Vi x3; Naafiri x3; Qiyana x2,"[{""label"": ""Laning"", ""z"": 0.763}, {""label"": ""Economy"", ""z"": -0.414}, {""label"": ""Damage Efficiency"", ""z"": 0.279}, {""label"": ""Survival"", ""z"": -2.087}]",8
Pop9,Deep Cross Gaming,Jungle,6,0,6,1.4,-1.2,-0.526,Jarvan IV x2; Lee Sin x1; Qiyana x1,"[{""label"": ""Laning"", ""z"": -1.014}, {""label"": ""Economy"", ""z"": -0.285}, {""label"": ""Damage Efficiency"", ""z"": -0.614}, {""label"": ""Survival"", ""z"": -0.191}]",9
Oner,T1,Jungle,21,15,6,3.5,-2.8,-0.588,Vi x4; Lee Sin x4; Wukong x3,"[{""label"": ""Laning"", ""z"": 0.801}, {""label"": ""Economy"", ""z"": -1.307}, {""label"": ""Damage Efficiency"", ""z"": -1.57}, {""label"": ""Survival"", ""z"": -0.278}]",10
Inspired,LYON,Jungle,17,11,6,3.9,-4.3,-0.648,Lee Sin x4; Jarvan IV x2; Skarner x2,"[{""label"": ""Laning"", ""z"": -0.56}, {""label"": ""Economy"", ""z"": -0.412}, {""label"": ""Damage Efficiency"", ""z"": -1.82}, {""label"": ""Survival"", ""z"": 0.199}]",11
Knight,Bilibili Gaming,Middle,17,11,6,7.2,31.5,0.98,Ryze x3; Viktor x2; Aurora x2,"[{""label"": ""Laning"", ""z"": 1.237}, {""label"": ""Economy"", ""z"": 0.269}, {""label"": ""Damage Efficiency"", ""z"": 1.305}, {""label"": ""Survival"", ""z"": 0.935}]",1
Caps,G2 Esports,Middle,15,6,9,2.5,24.3,0.694,Syndra x4; Cassiopeia x2; LeBlanc x1,"[{""label"": ""Laning"", ""z"": 1.611}, {""label"": ""Economy"", ""z"": -0.087}, {""label"": ""Damage Efficiency"", ""z"": 1.127}, {""label"": ""Survival"", ""z"": -0.504}]",2
Creme,Top Esports,Middle,9,3,6,3.7,17.7,0.43,Hwei x2; Yone x2; Cassiopeia x1,"[{""label"": ""Laning"", ""z"": 0.03}, {""label"": ""Economy"", ""z"": 0.039}, {""label"": ""Damage Efficiency"", ""z"": 0.674}, {""label"": ""Survival"", ""z"": 1.252}]",3
HongSuo,Deep Cross Gaming,Middle,6,0,6,1.3,9.9,0.119,Galio x1; LeBlanc x1; Ryze x1,"[{""label"": ""Laning"", ""z"": -0.178}, {""label"": ""Economy"", ""z"": 2.39}, {""label"": ""Damage Efficiency"", ""z"": -0.942}, {""label"": ""Survival"", ""z"": -0.593}]",4
kyeahoo,Karmine Corp,Middle,9,3,6,5.1,9.9,0.119,Orianna x2; Cassiopeia x2; Taliyah x2,"[{""label"": ""Laning"", ""z"": 0.613}, {""label"": ""Economy"", ""z"": -0.723}, {""label"": ""Damage Efficiency"", ""z"": -1.15}, {""label"": ""Survival"", ""z"": 1.399}]",4
Faker,T1,Middle,21,15,6,3.7,9.4,0.097,Ryze x3; Annie x3; Taliyah x3,"[{""label"": ""Laning"", ""z"": 0.925}, {""label"": ""Economy"", ""z"": -0.846}, {""label"": ""Damage Efficiency"", ""z"": -0.201}, {""label"": ""Survival"", ""z"": -0.059}]",6
Saint,LYON,Middle,17,11,6,3.8,2.7,-0.172,Viktor x5; Taliyah x2; Sylas x2,"[{""label"": ""Laning"", ""z"": -0.614}, {""label"": ""Economy"", ""z"": -0.655}, {""label"": ""Damage Efficiency"", ""z"": 1.17}, {""label"": ""Survival"", ""z"": -0.283}]",7
Zeka,Hanwha Life Esports,Middle,20,13,7,6.1,2.6,-0.174,Ahri x3; Yone x3; Viktor x2,"[{""label"": ""Laning"", ""z"": -0.074}, {""label"": ""Economy"", ""z"": -1.461}, {""label"": ""Damage Efficiency"", ""z"": -0.314}, {""label"": ""Survival"", ""z"": 1.082}]",8
Quid,Team Liquid,Middle,12,6,6,3.8,-2.6,-0.382,Akali x2; Galio x2; Ryze x2,"[{""label"": ""Laning"", ""z"": -1.155}, {""label"": ""Economy"", ""z"": 0.292}, {""label"": ""Damage Efficiency"", ""z"": 0.544}, {""label"": ""Survival"", ""z"": -0.675}]",9
Tutsz,FURIA,Middle,6,0,6,2.0,-14.1,-0.843,Ryze x2; Aurora x2; Sylas x1,"[{""label"": ""Laning"", ""z"": -1.322}, {""label"": ""Economy"", ""z"": 0.312}, {""label"": ""Damage Efficiency"", ""z"": -0.874}, {""label"": ""Survival"", ""z"": -1.16}]",10
Dire,Team Secret Whales,Middle,10,3,7,2.2,-14.8,-0.868,Ryze x2; Aurora x2; Sylas x2,"[{""label"": ""Laning"", ""z"": -1.072}, {""label"": ""Economy"", ""z"": 0.47}, {""label"": ""Damage Efficiency"", ""z"": -1.339}, {""label"": ""Survival"", ""z"": -1.393}]",11
ON,Bilibili Gaming,Support,17,11,6,4.1,20.1,0.695,Shen x3; Bard x3; Alistar x2,"[{""label"": ""Laning"", ""z"": 1.247}, {""label"": ""Vision"", ""z"": 0.911}, {""label"": ""Survival"", ""z"": -0.95}, {""label"": ""Fight Presence"", ""z"": 1.001}]",1
Delight,Hanwha Life Esports,Support,20,13,7,4.2,16.0,0.529,Camille x5; Bard x2; Milio x2,"[{""label"": ""Laning"", ""z"": 0.657}, {""label"": ""Vision"", ""z"": 0.389}, {""label"": ""Survival"", ""z"": 1.057}, {""label"": ""Fight Presence"", ""z"": 0.258}]",2
ShiauC,Deep Cross Gaming,Support,6,0,6,1.4,13.7,0.437,Camille x2; Nautilus x2; Pyke x1,"[{""label"": ""Laning"", ""z"": 1.35}, {""label"": ""Vision"", ""z"": 0.543}, {""label"": ""Survival"", ""z"": 0.057}, {""label"": ""Fight Presence"", ""z"": -0.645}]",3
JoJo,FURIA,Support,6,0,6,3.2,12.6,0.394,Rell x2; Karma x1; Milio x1,"[{""label"": ""Laning"", ""z"": 0.598}, {""label"": ""Vision"", ""z"": -0.452}, {""label"": ""Survival"", ""z"": 0.86}, {""label"": ""Fight Presence"", ""z"": 2.215}]",4
Isles,LYON,Support,17,11,6,3.7,10.7,0.317,Camille x2; Pyke x2; Alistar x2,"[{""label"": ""Laning"", ""z"": -0.12}, {""label"": ""Vision"", ""z"": 0.535}, {""label"": ""Survival"", ""z"": 0.237}, {""label"": ""Fight Presence"", ""z"": 0.291}]",5
Bie,Team Secret Whales,Support,10,3,7,3.4,8.9,0.248,Elise x3; Karma x2; Nautilus x2,"[{""label"": ""Laning"", ""z"": 0.068}, {""label"": ""Vision"", ""z"": 0.218}, {""label"": ""Survival"", ""z"": 1.78}, {""label"": ""Fight Presence"", ""z"": -0.97}]",6
Keria,T1,Support,21,15,6,3.6,8.6,0.235,Camille x4; Pyke x3; Renata Glasc x2,"[{""label"": ""Laning"", ""z"": 0.469}, {""label"": ""Vision"", ""z"": 0.202}, {""label"": ""Survival"", ""z"": 0.379}, {""label"": ""Fight Presence"", ""z"": -0.102}]",7
Labrov,G2 Esports,Support,15,6,9,2.1,-8.6,-0.455,Lulu x3; Nautilus x2; Karma x2,"[{""label"": ""Laning"", ""z"": -0.727}, {""label"": ""Vision"", ""z"": -0.408}, {""label"": ""Survival"", ""z"": -1.044}, {""label"": ""Fight Presence"", ""z"": 0.337}]",8
fengyue,Top Esports,Support,9,3,6,2.0,-12.6,-0.612,Nautilus x1; Neeko x1; Thresh x1,"[{""label"": ""Laning"", ""z"": -1.651}, {""label"": ""Vision"", ""z"": -0.057}, {""label"": ""Survival"", ""z"": -0.395}, {""label"": ""Fight Presence"", ""z"": -1.193}]",9
CoreJJ,Team Liquid,Support,12,6,6,3.4,-15.0,-0.71,Rell x3; Bard x2; Nautilus x2,"[{""label"": ""Laning"", ""z"": -1.471}, {""label"": ""Vision"", ""z"": -0.665}, {""label"": ""Survival"", ""z"": -0.416}, {""label"": ""Fight Presence"", ""z"": -0.191}]",10
Busio,Karmine Corp,Support,9,3,6,2.4,-24.2,-1.077,Seraphine x2; Camille x2; Bard x1,"[{""label"": ""Laning"", ""z"": -0.42}, {""label"": ""Vision"", ""z"": -1.214}, {""label"": ""Survival"", ""z"": -1.566}, {""label"": ""Fight Presence"", ""z"": -1.001}]",11
Zeus,Hanwha Life Esports,Top,20,13,7,3.1,23.7,0.945,Ambessa x3; Dr. Mundo x3; Rumble x3,"[{""label"": ""Laning"", ""z"": 1.057}, {""label"": ""Damage Efficiency"", ""z"": 0.974}, {""label"": ""Tower Pressure"", ""z"": 0.646}]",1
Canna,Karmine Corp,Top,9,3,6,2.8,10.1,0.405,Rumble x2; Gnar x2; Renekton x2,"[{""label"": ""Laning"", ""z"": 1.467}, {""label"": ""Damage Efficiency"", ""z"": 0.286}, {""label"": ""Tower Pressure"", ""z"": -1.719}]",2
Bin,Bilibili Gaming,Top,17,11,6,2.9,7.5,0.3,Renekton x4; Jayce x2; Jax x2,"[{""label"": ""Laning"", ""z"": 1.276}, {""label"": ""Damage Efficiency"", ""z"": -1.063}, {""label"": ""Tower Pressure"", ""z"": 0.603}]",3
BrokenBlade,G2 Esports,Top,15,6,9,2.5,7.0,0.277,Yasuo x3; Kled x2; Anivia x2,"[{""label"": ""Laning"", ""z"": 0.298}, {""label"": ""Damage Efficiency"", ""z"": -0.049}, {""label"": ""Tower Pressure"", ""z"": 0.817}]",4
Dhokla,LYON,Top,17,11,6,2.4,6.3,0.251,Jayce x3; Gnar x3; Ambessa x2,"[{""label"": ""Laning"", ""z"": -0.303}, {""label"": ""Damage Efficiency"", ""z"": 0.833}, {""label"": ""Tower Pressure"", ""z"": 0.424}]",5
Flauren,Deep Cross Gaming,Top,6,0,6,1.1,2.3,0.093,Jax x2; Ambessa x1; Sion x1,"[{""label"": ""Laning"", ""z"": -1.049}, {""label"": ""Damage Efficiency"", ""z"": 1.648}, {""label"": ""Tower Pressure"", ""z"": -0.196}]",6
Doran,T1,Top,21,15,6,2.3,1.2,0.048,Gnar x3; Ambessa x3; Jayce x3,"[{""label"": ""Laning"", ""z"": 0.354}, {""label"": ""Damage Efficiency"", ""z"": -1.119}, {""label"": ""Tower Pressure"", ""z"": 1.475}]",7
Pun,Team Secret Whales,Top,10,3,7,2.0,-1.2,-0.05,Sion x2; Volibear x2; Renekton x1,"[{""label"": ""Laning"", ""z"": 0.009}, {""label"": ""Damage Efficiency"", ""z"": 0.728}, {""label"": ""Tower Pressure"", ""z"": -1.58}]",8
ZUIAN,Top Esports,Top,9,3,6,1.5,-6.9,-0.278,Sion x2; Ambessa x1; Renekton x1,"[{""label"": ""Laning"", ""z"": -0.727}, {""label"": ""Damage Efficiency"", ""z"": -0.028}, {""label"": ""Tower Pressure"", ""z"": 0.259}]",9
Guigo,FURIA,Top,6,0,6,2.1,-24.3,-0.973,Sion x2; Ambessa x1; Olaf x1,"[{""label"": ""Laning"", ""z"": -1.598}, {""label"": ""Damage Efficiency"", ""z"": -0.788}, {""label"": ""Tower Pressure"", ""z"": 0.068}]",10
Morgan,Team Liquid,Top,12,6,6,3.7,-25.4,-1.016,Renekton x3; Rumble x2; Ornn x2,"[{""label"": ""Laning"", ""z"": -0.783}, {""label"": ""Damage Efficiency"", ""z"": -1.423}, {""label"": ""Tower Pressure"", ""z"": -0.797}]",11
